rt,amber_heffner,sure,join,iledchat,p.m,cst,discuss,digcit,ideail,team,lead,important,ch,
rt,amber_heffner,sure,join,iledchat,10,7,8,00,p.m,cst,discuss,digcit,ideail,team,lead,important,ch,
msbcss,iluvteaching72,fabulous,shot,digcitculture,womenwholead,womenofcue,
rt,ideaillinois,sure,join,iledchat,10,7,8,00,p.m,cst,discuss,digcit,ideail,team,lead,important,cha,
rt,amber_heffner,sure,join,iledchat,10,7,8,00,p.m,cst,discuss,digcit,ideail,team,lead,important,ch,
rt,thatdopeteacher,told,cjusd,edtechcjusd,digcitculture,digitalcitizenship,sbcss_edtech,https,t.co,bz4xi4v8oc,
rt,amber_heffner,sure,join,iledchat,10,7,8,00,p.m,cst,discuss,digcit,ideail,team,lead,important,ch,
sure,join,iledchat,10,7,8,00,p.m,cst,discuss,digcit,ideail,team,lead,importa,https,t.co,9l2zii76j1,
rt,fusdtandl,might,establish,culture,digital,responsibility,within,fusd,community,digcitculture,https,t.co,bwb3nhvlwa,
rt,edtechcjusd,shout,kellivanv,presenting,today,digital,citizenship,summit,knowledge,expertis,
rt,ideaillinois,sure,join,iledchat,10,7,8,00,p.m,cst,discuss,digcit,ideail,team,lead,important,cha,
rt,ideaillinois,sure,join,iledchat,10,7,8,00,p.m,cst,discuss,digcit,ideail,team,lead,important,cha,
rt,lucykirchh,absolutely,loved,presenting,school,digcitculture,joefuertsch,much,work,done,came,home,
iluvteaching72,twitter,wakelet,flipgrid,sbcss_edtech,tasks,twitter,get,everyone,check,hash,https,t.co,qutxpcelvh,
iluvteaching72,twitter,wakelet,flipgrid,sbcss_edtech,already,kicking,missing,opportunities,https,t.co,lctc7xlysn,
sure,join,iledchat,10,7,8,00,p.m,cst,discuss,digcit,ideail,team,lead,importa,https,t.co,kppzoucwbi,
rt,suethotz,used,system,level,examples,laschools,show,digcitculture,event,proves,size,barrier,
rt,suethotz,used,system,level,examples,laschools,show,digcitculture,event,proves,size,barrier,
rt,mslucylane1,know,can,text,kids,21555,receive,weekly,messages,tips,digitalcitizenship,commonsense,
rt,thatdopeteacher,representation,diversity,education,matters,recognize,importance,digcitculture,educolor,digital,
absolutely,loved,presenting,school,digcitculture,joefuertsch,much,work,done,came,https,t.co,h7oidhvlzo,
used,system,level,examples,laschools,show,digcitculture,event,proves,size,https,t.co,o6lhe6tqjo,
rt,suethotz,just,ask,questions,everyone,room,districts,worked,provided,allllll,genius,d,
tech,leaders,amplifying,reading,amp,research,school,library,journal,sbcmlen,esd712⁩,edtechcjusd⁩,cjusdesd⁩,https,t.co,rugpuq7jky,
rt,iluvteaching72,happy,see,workfamily,pln,one,place,digital,citizenship,summit,digcitculture,trpatel,
rt,lucykirchh,we’re,ready,sbcss_edtech,digital,citizenship,summit,suethotz,trpatel20,it’s,going,wonderful,
rt,maggiebunten,great,day,learning,brainstorming,can,build,support,model,sustain,digcitculture,today,https,t.co,
rt,suethotz,thank,sharing,great,photos,michael,beautiful,digcitculture,think,favorite,pd,day,ev,
rt,nearpod,nearpod,amp,flocabulary,digcitweek,plans,covered,free,lessons,fill,week,https,t.co,roadgrme8l,
rt,edtechcjusd,digital,citizenship,summit,starting,strong,library,media,techs,coltonjusd,care,keeping,s,
rt,nearpod,nearpod,amp,flocabulary,digcitweek,plans,covered,free,lessons,fill,week,https,t.co,roadgrme8l,
rt,thatdopeteacher,told,cjusd,edtechcjusd,digcitculture,digitalcitizenship,sbcss_edtech,https,t.co,bz4xi4v8oc,
friend,colleague,msbcss,amazing,photographer,thank,much,michael,digcitculture,https,t.co,20fvxgzc8f,
iluvteaching72,coachfore,morongounified,commonsenseed,trpatel20,suethotz,sbcss_edtech,commonsense,https,t.co,3pirlflvr3,
please,share,using,digital,citizenship,throughout,year,sbcss_edtech,digcitculture,https,t.co,3rrnhdewc9,
rt,k8applebee,image,yesterday,reminder,need,often,find,awesome,things,want,try,t,
bgmarkley,trpatel20,pleasure,team,ideas,spirit,great,part,m,https,t.co,x03pztcrsg,
k8applebee,think,time,spent,much,time,sowing,seeds,never,chance,let,https,t.co,pltonxjocs,
rt,simonometry,one,mind,blown,moment,today,came,derekrouch,shared,hemet,usd,uses,term,digital,wellness,rather,t,
msbcss,sbcss_edtech,trpatel20,suethotz,lucykirchh,two,digcitculture,https,t.co,hzmsbdu114,
msbcss,sbcss_edtech,lucykirchh,trpatel20,absolutely,stunning,photography,digcitculture,
msbcss,sbcss_edtech,lucykirchh,trpatel20,great,photos,taken,day,digcitculture,
tired,morning,forgot,order,operations,blew,nose,b4,wiped,eyes,end,result,ic,https,t.co,99sqyoc2d5,
rt,nearpod,nearpod,amp,flocabulary,digcitweek,plans,covered,free,lessons,fill,week,https,t.co,roadgrme8l,
image,yesterday,reminder,need,often,find,awesome,things,want,https,t.co,wgtlzwqpzv,
rt,dennislarge,ready,learn,creating,digital,citizenship,culture,trpatel20,lucykirchh,suethotz,digcitculture,https,
trpatel20,thank,trpatel20,suethotz,event,team,shared,much,learned,conne,https,t.co,ky9i4yevnp,
rt,msbcss,great,event,today,sbcss_edtech,many,dedicated,educators,inspiring,ideas,stories,link,pho,
rt,melkitchenedu,join,stephbax716,learn,positively,impact,students,digital,citizenship,restorative,practic,
rt,shavon528,apple,valley,unified,making,sure,apps,websites,vetted,weekly,students,allows,students,us,
rt,lucykirchh,incredibly,lucky,part,fantastic,day,collaboration,amp,discussion,around,building,digcitculture,thank,
rt,iluvteaching72,happy,see,workfamily,pln,one,place,digital,citizenship,summit,digcitculture,trpatel,
rt,maggiebunten,great,day,learning,brainstorming,can,build,support,model,sustain,digcitculture,today,https,t.co,
always,great,see,david,thurston,digital,citizenship,summit,digcitculture,sbcss_edtech,kellivanv,coltonjusd,https,t.co,0mowdlhwqh,
rt,simonometry,bassett,usd,getting,love,digcit,summit,today,awesome,work,done,district,around,digcit,co,
rt,alhs_library,teacher,librarians,cjuhsdcommunity,getting,digcitculture,digcitcommit,learning,sbcss_edtech,
rt,shavon528,apple,valley,unified,making,sure,apps,websites,vetted,weekly,students,allows,students,us,
rt,thatdopeteacher,got,shavon528,representing,fontanaunified,great,team,educators,they’re,going,establi,
rt,thatdopeteacher,got,shavon528,representing,fontanaunified,great,team,educators,they’re,going,establi,
rt,thatdopeteacher,digcitculture,scan,qr,code,cue,cuerockstar,computerscience,digitalcitizenship,https,t.co,cfpx9rujzu,
rt,suethotz,autonomy,vs,prescriptive,digcit,site,plans,ideas,techtombusd,jenwags1,thedrmorgan,vincerbutler,pharding2,
rt,thatdopeteacher,know,what’s,really,dope,practicing,safe,digitalcitizenship,digcitculture,iacue,cue,edtech,commonsenseed,co,
msbcss,amazing,job,capturing,work,done,today,digcitculture,https,t.co,fkc5jaehfe,
can,share,learning,twitter,wakelet,flipgrid,pln,productive,day,https,t.co,bwdbyetcmx,
historysandoval,lucykirchh,sbcss_edtech,suethotz,trpatel20,force,reckoned,today,go,https,t.co,rfssnhicj0,
spy,suethotz,carrienorthcott,action,digital,citizenship,summit,today,digcitculture,https,t.co,viizfyaz7c,
rt,nearpod,nearpod,amp,flocabulary,digcitweek,plans,covered,free,lessons,fill,week,https,t.co,roadgrme8l,
hi,wondering,wakelet,curated,tweets,today’s,digcitculture,summit,wondering,https,t.co,zvsjoxfk8g,
great,day,today,thanks,love,support,new,followers,digcitculture,
rt,nearpod,nearpod,amp,flocabulary,digcitweek,plans,covered,free,lessons,fill,week,https,t.co,roadgrme8l,
rt,melkitchenedu,join,stephbax716,learn,positively,impact,students,digital,citizenship,restorative,practic,
sbcss_edtech,kellivanv,great,job,today,kellivanv,digcitculture,https,t.co,bormuous31,
lucykirchh,thatdopeteacher,sbcss_edtech,iacue,cue,commonsense,shavon528,y’all,rocked,digcitculture,https,t.co,whm1pc4esy,
lucykirchh,simonometry,suethotz,commonsense,sbcss_edtech,commonsenseed,trpatel20,rcoe,dennislarge,https,t.co,wzkdt7hvrg,
good,times,good,people,digcitculture,https,t.co,lybr5hwrug,
thatdopeteacher,sbcss_edtech,iacue,cue,commonsense,thank,much,thatdopeteacher,https,t.co,qnawv6q88n,
suethotz,thatdopeteacher,shavon528,hilz2teach,amazing,job,digcitculture,https,t.co,ai392clhhm,
rt,suethotz,think,favorite,tweet,day,much,good,energy,ideas,going,digcitculture,https,
rt,suethotz,love,districts,collaborating,today,journey,go,alone,digcitculture,https,t.co,qjip9082sn,
rt,simonometry,video,helps,start,conversations,around,digital,citizenship,important,relationship,
fusdtandl,lbriansrule_bul,following,digcitculture,https,t.co,no2gz6i02w,
fusdtandl,lbriansrule_bul,awww,miss,digcitculture,
rt,edtechcjusd,shout,kellivanv,presenting,today,digital,citizenship,summit,knowledge,expertis,
rt,edtechcjusd,involving,families,world,digital,citizenship,social,media,back,2,school,workshops,family,media,
party,love,adding,amazing,people,pln,pleasure,breaking,bread,dessert,al,https,t.co,amzprmsd5d,
rt,thatdopeteacher,digcitculture,scan,qr,code,cue,cuerockstar,computerscience,digitalcitizenship,https,t.co,cfpx9rujzu,
rt,simonometry,i’ve,super,privileged,adopted,coltonjusd,family,today,digcitculture,summit,loved,working,
thatdopeteacher,sbcss_edtech,iacue,cue,commonsense,job,well,done,today,friend,hard,keep,digcitculture,
suethotz,wish,time,busy,lady,hands,day,glad,ther,https,t.co,p7gthlmigx,
rt,suethotz,three,parents,chaffey,joined,digcitculture,event,today,thank,cjuhsdcommunity⁩,https,t.co,4x6la0ezt8,
rt,suethotz,tory,pleasure,meeting,real,life,today,biggest,thank,taking,care,twittersphere,today,
rt,suethotz,thank,sharing,great,photos,michael,beautiful,digcitculture,think,favorite,pd,day,ev,
rt,maggiebunten,great,day,learning,brainstorming,can,build,support,model,sustain,digcitculture,today,https,t.co,
rt,thatdopeteacher,digcitculture,important,parent,involvement,district,sbcss_edtech,digitalcitizenship,edtech,common,
rt,chaffeylibrary,excited,spend,day,today,team,teacher,librarians,sbcss_edtech,learning,digital,citizenship,s,
rt,thatdopeteacher,told,cjusd,edtechcjusd,digcitculture,digitalcitizenship,sbcss_edtech,https,t.co,bz4xi4v8oc,
rt,suethotz,thanks,attending,librarian,friends,digcitculture,https,t.co,kj9g51ezrd,
thatdopeteacher,msbcss,sbcss_edtech,way,naturally,gifted,apparently,think,found,superp,https,t.co,hsy8eqcbps,
rt,hilz2teach,sbcss_edtech,one,great,thing,i’d,love,bring,back,romolandsd,connecting,families,digcitculture,maybe,fa,
rt,suethotz,best,right,mrnblake,digcitculture,https,t.co,bph8svzpc8,
rt,thatdopeteacher,definitely,edtech,iacue,cue,digcitculture,educationforall,https,t.co,ygodyoxrgs,
team,thank,excellent,work,today,sit,look,hashtag,see,wo,https,t.co,3pg3yxr0dz,
rt,msbcss,sbcss_edtech,digital,citizenship,summit,special,thank,suethotz,digcitculture,https,t.co,w06rtwgquo,
rt,thatdopeteacher,definitely,edtech,iacue,cue,digcitculture,educationforall,https,t.co,ygodyoxrgs,
rt,suethotz,autonomy,vs,prescriptive,digcit,site,plans,ideas,techtombusd,jenwags1,thedrmorgan,vincerbutler,pharding2,
rt,citicoach,k8applebee,thatdopeteacher,love,question,one,idea,use,skypeclassroom,connect,ss,experts,authors,museums,
autonomy,vs,prescriptive,digcit,site,plans,ideas,techtombusd,jenwags1,thedrmorgan,vincerbutler,https,t.co,8hljvonjxq,
rt,thatdopeteacher,questions,starting,get,juicy,process,district,place,protect,student,data,priva,
svicglass,thatdopeteacher,sbcss_edtech,yesssss,bettertogether,digcitculture,educolor,digcit,
suethotz,toutoulentoya,techy_jenn,iluvteaching72,jonesing4math,one,think,digcitculture,
rt,chaffeylibrary,excited,spend,day,today,team,teacher,librarians,sbcss_edtech,learning,digital,citizenship,s,
libbicetpa,thanks,joining,us,today,thanks,raffle,prize,ronimacd,big,winner,cetpa,https,t.co,blbuwkcbv3,
rt,suethotz,jonaslausd,iti_lausd,given,shout,today,digcitculture,https,t.co,efzhfs4cpl,
rt,suethotz,yesssss,toutoulentoya,techy_jenn,iluvteaching72,citicoach,talking,tory,even,corner,
rt,thatdopeteacher,representation,diversity,education,matters,recognize,importance,digcitculture,educolor,digital,
rt,simonometry,video,helps,start,conversations,around,digital,citizenship,important,relationship,
best,right,mrnblake,digcitculture,https,t.co,bph8svzpc8,
incredibly,lucky,part,fantastic,day,collaboration,amp,discussion,around,building,https,t.co,2icksbdfay,
rt,nearpod,nearpod,amp,flocabulary,digcitweek,plans,covered,free,lessons,fill,week,https,t.co,roadgrme8l,
thank,telling,altalomasd,story,katie,real,examples,implementation,learn,best,fro,https,t.co,xzjzb29bt6,
rt,thatedutechguy,important,teachers,well,students,understand,behind,digital,citizenship,prior,
itsrociolopez,text,campaign,big,hit,today,digcitculture,summit,https,t.co,luqzwtqect,https,t.co,2zg5ck6xfj,
rt,shavon528,fontanaunified,representing,levels,digital,citizenship,summit,important,conversation,digi,
rt,hilz2teach,sbcss_edtech,one,great,thing,i’d,love,bring,back,romolandsd,connecting,families,digcitculture,maybe,fa,
point,today,glad,came,across,digcitculture,https,t.co,kb3jfzf7nn,
indeed,john,two,sides,culture,coin,digcitculture,https,t.co,kmyxza7eaw,
rt,edtechcjusd,know,commonsense,youtube,ps,spanish,resources,also,huge,bonus,ps,ts,coltonj,
thanks,attending,librarian,friends,digcitculture,https,t.co,kj9g51ezrd,
thatdopeteacher,msbcss,sbcss_edtech,johnfcfox5,seriously,gq,shots,look,pose,digcitculture,
thanks,sharing,dominique,just,followed,done,shout,new,twitter,frien,https,t.co,apqsg02nzo,
rt,adelet75,great,day,working,fontana,team,begin,working,building,digcit,culture,district,great,network,
rt,suethotz,love,districts,collaborating,today,journey,go,alone,digcitculture,https,t.co,qjip9082sn,
yesssss,toutoulentoya,techy_jenn,iluvteaching72,citicoach,talking,tory,even,cor,https,t.co,ibfgdhbnn8,
rt,suethotz,whatever,takes,make,happen,districts,allowed,use,terms,digital,citizenshi,
thatdopeteacher,msbcss,sbcss_edtech,know,think,want,every,event,ever,https,t.co,tqbjyspvmq,
jane_ogle,however,need,tech,relationships,digcitculture,
look,friends,hemetunified,explaining,big,idea,behind,digcitculture,solution,https,t.co,5tneukbxvp,
rt,thatdopeteacher,digcitculture,important,parent,involvement,district,sbcss_edtech,digitalcitizenship,edtech,common,
rt,fusdtandl,might,establish,culture,digital,responsibility,within,fusd,community,digcitculture,https,t.co,bwb3nhvlwa,
rt,maggiebunten,great,day,learning,brainstorming,can,build,support,model,sustain,digcitculture,today,https,t.co,
rt,fusdtandl,great,video,support,behind,digital,citizenship,check,youtube,digcitculture,https,t.co,k1avnip5la,
betholshewsky,jane_ogle,someone,else,wants,another,un,panel,think,catching,digcitculture,
loved,mind,meld,two,districts,romoland,cnusd,worked,family,engagement,made,oth,https,t.co,po54zjnyzp,
rt,edtechcjusd,time,revise,idea,see,can,take,feedback,room,can,shift,mindset,make,digit,
love,districts,collaborating,today,journey,go,alone,digcitculture,https,t.co,qjip9082sn,
indeed,librarians,make,world,go,round,digcitculture,thank,joining,us,today,https,t.co,o6jre8j2tf,
thank,sharing,great,photos,michael,beautiful,digcitculture,think,favorite,https,t.co,loq40sslbl,
rt,adelet75,great,day,working,fontana,team,begin,working,building,digcit,culture,district,great,network,
hope,made,lots,friends,today,digcitculture,thanks,joining,us,https,t.co,byvwea5oad,
rt,betholshewsky,digcitculture,cnusd,thinking,bring,awareness,around,digital,citizenship,families,https,t.co,vnr,
rt,lucykirchh,we’re,ready,sbcss_edtech,digital,citizenship,summit,suethotz,trpatel20,it’s,going,wonderful,
jonaslausd,iti_lausd,given,shout,today,digcitculture,https,t.co,efzhfs4cpl,
rt,msbcss,sbcss_edtech,digital,citizenship,summit,special,thank,suethotz,digcitculture,https,t.co,w06rtwgquo,
rt,maggiebunten,suethotz,sharing,awesome,work,jenwags1,put,place,pusd,commonsensemedia,digcitculture,https,t.co,
rt,chaffeylibrary,excited,spend,day,today,team,teacher,librarians,sbcss_edtech,learning,digital,citizenship,s,
rt,veronicajusd,suethotz,gives,great,presentations,us,dive,digcitculture,one,idea,explore,meas,
district,system,presentation,complete,without,busdproud,folks,three,components,successful,rollou,https,t.co,kdtps0suh5,
rt,iluvteaching72,happy,see,workfamily,pln,one,place,digital,citizenship,summit,digcitculture,trpatel,
just,ask,questions,everyone,room,districts,worked,provided,allllll,https,t.co,q91oyo0dzj,
pleasure,nyree,thank,presence,everything,bring,digcitculture,https,t.co,gyxuk4rcwa,
many,smiles,today,digcitculture,https,t.co,x6fq1e8bxn,
day,district,system,examples,complete,without,mention,jenwags1,pusdedtech,put,righ,https,t.co,qnnwm7pro1,
think,favorite,tweet,day,much,good,energy,ideas,going,https,t.co,fewrcycfc5,
rt,simonometry,just,wrapping,breakout,developing,district,systems,building,digcitculture,wheels,turning,
rt,trpatel20,wonderful,day,lots,ifwas,new,learnings,digcitculture,https,t.co,wzwlapwxyd,
rt,trpatel20,wonderful,day,lots,ifwas,new,learnings,digcitculture,https,t.co,wzwlapwxyd,
rt,msbcss,digcitculture,digital,citizenship,summit,sbcss_edtech,https,t.co,q8ctmveusx,
know,one,leader,find,morongounified,friends,fill,team,dream,ideas,make,ha,https,t.co,pvbwanvpws,
love,photo,thatdopeteacher,shavon528,hard,work,social,media,day,big,thanks,https,t.co,mtanviqvlz,
rt,msbcss,suethotz,sbcss_edtech,digcit,summit,digcitculture,sbcss,https,t.co,udglndbdyr,
rt,edtechcjusd,now,it’s,time,work,question,might,integrate,digital,citizenship,relevant,ways,
rt,thatdopeteacher,representation,diversity,education,matters,recognize,importance,digcitculture,educolor,digital,
rt,thatdopeteacher,told,cjusd,edtechcjusd,digcitculture,digitalcitizenship,sbcss_edtech,https,t.co,bz4xi4v8oc,
rt,betholshewsky,digcitculture,sharing,https,t.co,tysgybiwpg,
whatever,takes,make,happen,districts,allowed,use,terms,digital,https,t.co,wtludt5q7m,
rt,simonometry,i’ve,super,privileged,adopted,coltonjusd,family,today,digcitculture,summit,loved,working,
rt,fusdtandl,agree,tory,digcitculture,https,t.co,hajod4cpcv,
rt,thatdopeteacher,excuse,non,manicured,thumb,need,text,number,asap,sbcss_edtech,edtech,digitalcitizenship,educo,
rt,jane_ogle,great,discussion,groups,happening,breakout:integrating,digital,citizenship,teachers,digcitculture,sbcss_edtech,htt,
wonderful,day,lots,ifwas,new,learnings,digcitculture,https,t.co,wzwlapwxyd,
rt,edtechcjusd,packed,house,digital,citizenship,summit,schools,socal,working,together,create,community,dig,
rt,derekrouch,order,implement,digital,citizenship,program,district,wide,align,district's,vision,first,
rt,thatdopeteacher,digcitculture,important,parent,involvement,district,sbcss_edtech,digitalcitizenship,edtech,common,
rt,adelet75,great,day,working,fontana,team,begin,working,building,digcit,culture,district,great,network,
rt,nearpod,nearpod,amp,flocabulary,digcitweek,plans,covered,free,lessons,fill,week,https,t.co,roadgrme8l,
rt,msbcss,digcitculture,sbcss_edtech,https,t.co,dsm6zdxm7a,
rt,msbcss,great,event,today,sbcss_edtech,many,dedicated,educators,inspiring,ideas,stories,link,pho,
rt,sbcss_famengage,thank,sbcss_edtech,invite,co,facilitate,importance,engaging,families,digcitculture,trpatel,
rt,shavon528,informative,session,trpatel20,sbcss_famengage,learning,importance,familyengagement,dig,
rt,shavon528,informative,session,trpatel20,sbcss_famengage,learning,importance,familyengagement,dig,
3rd,6th,grade,rt_eagles,students,attentive,focused,learning,great,digcit,digcitculture,https,t.co,jwkd4b8jp5,
rt,edtechcjusd,involving,families,world,digital,citizenship,social,media,back,2,school,workshops,family,media,
rt,veronicaginorio,digcitculture,follow,sbcss_famengage,https,t.co,jlavmy2rz1,
making,new,friends,digcitculture,https,t.co,vwnpu25xdz,
rt,suethotz,three,parents,chaffey,joined,digcitculture,event,today,thank,cjuhsdcommunity⁩,https,t.co,4x6la0ezt8,
rt,edtechcjusd,can,hear,buzz,room,sounds,like,room,communicating,ideas,creat,
great,team,promote,digital,wellness,coltonjusd,edtechcjusd,amp,esd712,library,staff,working,together,https,t.co,hw14qpjz49,
great,day,working,fontana,team,begin,working,building,digcit,culture,district,great,t,https,t.co,vvx8d3zhgy,
rt,coltonhslibrary,important,factor,digital,citizenship,especially,secondary,level,digcitculture,https,t.co,ckhvsgyvlq,
rt,thatdopeteacher,bars,seven,iste,standards,students,digcitculture,digitalcitizenship,edtech,flocabulary,almostgrabbed,
great,event,today,sbcss_edtech,many,dedicated,educators,inspiring,ideas,stories,https,t.co,hcdyxwklrs,
rt,shavon528,fontanaunified,representing,levels,digital,citizenship,summit,important,conversation,digi,
rt,nearpod,nearpod,amp,flocabulary,digcitweek,plans,covered,free,lessons,fill,week,https,t.co,roadgrme8l,
rt,maggiebunten,suethotz,sharing,awesome,work,jenwags1,put,place,pusd,commonsensemedia,digcitculture,https,t.co,
rt,fusdtandl,great,video,support,behind,digital,citizenship,check,youtube,digcitculture,https,t.co,k1avnip5la,
rt,hilz2teach,sbcss_edtech,one,great,thing,i’d,love,bring,back,romolandsd,connecting,families,digcitculture,maybe,fa,
rt,pharding2,digcitculture,learned,ideas,today,take,digital,literacy,next,level.we,enjoyed,friends,altalomasd,
rt,shavon528,fontanaunified,representing,levels,digital,citizenship,summit,important,conversation,digi,
rt,maggiebunten,great,day,learning,brainstorming,can,build,support,model,sustain,digcitculture,today,https,t.co,
rt,hilz2teach,amazing,sharing,ideas,future,plans,digcitculture,across,county,beyond,sbcss_edtech,joefuertsch,v,
rt,simonometry,help,build,digcitculture,morongounified,think,first,step,identify,leaders,champions,digit,
rt,edtechcjusd,know,commonsense,provides,tech,balance,ps,it’s,text,message,platform,text,resources,info,
rt,joefuertsch,thank,lozaleadlearner,sharing,ways,cnusd,amp,erhsofficial,staff,modeling,way,positive,social,medi,
rt,mslucylane1,great,discussions,involving,families,digital,citizenship,digcitculture,trpatel20,sbcss_edtech,https,t.co,rgrhc,
rt,joefuertsch,great,see,lucykirchh,rocking,new,role,sbcss_edtech,co,presenting,trpatel20,digital,
thank,kellivanv,incredible,job,digcitculture,https,t.co,rxloszkbqq,
rt,drcharronr,excellent,resource,families,check,apps,children,using,digcitculture,https,t.co,pecmdp0ovb,
rt,coltonhslibrary,important,factor,digital,citizenship,especially,secondary,level,digcitculture,https,t.co,ckhvsgyvlq,
rt,shavon528,educators,district,personnel,sbcss,discussing,importance,digitalcitizenship,sbcss_edtech,iacue,
rt,chaffeylibrary,excited,spend,day,today,team,teacher,librarians,sbcss_edtech,learning,digital,citizenship,s,
rt,joefuertsch,creating,positive,school,digcit,culture,rocks,thank,everyone,engaging,conversation,amp,sharing,
even,best,idea,facebook,live,post,family,engagement,session,taking,place,https,t.co,qm6gxwp6j2,
rt,joefuertsch,taking,look,teen,social,media,3,4,teens,access,smart,phone,94,daily,digcitculture,https,
digcitculture,beautiful,photos,today,thank,michael,support,heard,wante,https,t.co,onzyzqabqp,
tory,pleasure,meeting,real,life,today,biggest,thank,taking,care,twittersphere,toda,https,t.co,jongyewuox,
rt,edtechcjusd,yaaaaaay,simonometry,winning,breakoutedu,box,digcitculture,https,t.co,kk4g1x8pir,
rt,banyanbulldogs,sbcss,digcitculture,way,go,dr,rodriguez,https,t.co,bakq49kuy7,
rt,nearpod,nearpod,amp,flocabulary,digcitweek,plans,covered,free,lessons,fill,week,https,t.co,roadgrme8l,
sbcss,digcitculture,way,go,dr,rodriguez,https,t.co,bakq49kuy7,
rt,edtechcjusd,yaaaaaay,simonometry,winning,breakoutedu,box,digcitculture,https,t.co,kk4g1x8pir,
can’t,believe,actually,won,thanks,suethotz,commonsense,sbcss_edtech,awesome,digcitculture,su,https,t.co,gxyycq4tlr,
yaaaaaay,simonometry,winning,breakoutedu,box,digcitculture,https,t.co,kk4g1x8pir,
next,time,digcitculture,digitalcitizenship,iacue,cue,sbcss_edtech,iacue,cue,commonsense,https,t.co,ywe4qtj4tf,
rt,shavon528,informative,session,trpatel20,sbcss_famengage,learning,importance,familyengagement,dig,
rt,msbcss,digcitculture,sbcss,digcit,summit,https,t.co,ru8swxys6q,
rt,msbcss,digcitculture,sbcss_edtech,https,t.co,dsm6zdxm7a,
digcitculture,sbcss,digcit,summit,https,t.co,ru8swxys6q,
digcitculture,sbcss_edtech,https,t.co,dsm6zdxm7a,
digcitculture,https,t.co,maewhwctlg,
rt,edtechcjusd,shout,kellivanv,presenting,today,digital,citizenship,summit,knowledge,expertis,
rt,lozaleadlearner,shout,amazing,teacherlibrarians,house,today,addition,managing,libraries,teacher,lib,
shout,amazing,teacherlibrarians,house,today,addition,managing,libraries,teacher,https,t.co,qkdi3ztuoj,
rt,simonometry,help,build,digcitculture,morongounified,think,first,step,identify,leaders,champions,digit,
digcitculture,scan,qr,code,cue,cuerockstar,computerscience,digitalcitizenship,https,t.co,cfpx9rujzu,
incluir,los,padres,en,el,transicion,de,ciudadania,digital,digcitculture,https,t.co,nqdx2rkwqt,
rt,simonometry,help,build,digcitculture,morongounified,think,first,step,identify,leaders,champions,digit,
rt,edtechcjusd,simonometry,thatdopeteacher,derekrouch,sbcss_edtech,commonsense,rcoe,commonsenseed,trpatel20,iluvteaching72,suet,
rt,edtechcjusd,simonometry,thatdopeteacher,coltonjusd,don’t,stranger,bonds,keep,districts,growing,digci,
rt,msbcss,digcitculture,digital,citizenship,summit,sbcss_edtech,https,t.co,q8ctmveusx,
rt,edtechcjusd,shout,kellivanv,presenting,today,digital,citizenship,summit,knowledge,expertis,
digcitculture,para,mis,educadores,de,habla,hispana,cómo,practican,la,ciudadanía,digital,digitalcitizenship,https,t.co,yvxcvzrll7,
rt,msbcss,digcitculture,digital,citizenship,summit,sbcss_edtech,https,t.co,xxg9vaor46,
rt,hilz2teach,amazing,sharing,ideas,future,plans,digcitculture,across,county,beyond,sbcss_edtech,joefuertsch,v,
help,build,digcitculture,morongounified,think,first,step,identify,leaders,champions,o,https,t.co,erprzxxson,
rt,simonometry,one,mind,blown,moment,today,came,derekrouch,shared,hemet,usd,uses,term,digital,wellness,rather,t,
simonometry,thatdopeteacher,derekrouch,sbcss_edtech,commonsense,rcoe,commonsenseed,trpatel20,https,t.co,ndfiyzmbq5,
rt,filibuster3,quote,just,shared,digcitculture,summit,kevinhoneycutt,powerful,thought,sbcss_edtech,lucykirchh,trpatel20,ht,
rt,shavon528,informative,session,trpatel20,sbcss_famengage,learning,importance,familyengagement,dig,
simonometry,thatdopeteacher,coltonjusd,don’t,stranger,bonds,keep,districts,growing,https,t.co,b73jvpjsob,
every,journey,begins,first,step,journey,starting,digcitculture,digitalcitizenship,sbcss_edtech,
rt,simonometry,i’ve,super,privileged,adopted,coltonjusd,family,today,digcitculture,summit,loved,working,
shout,kellivanv,presenting,today,digital,citizenship,summit,knowledge,e,https,t.co,wclr3f3ywt,
rt,simonometry,i’ve,super,privileged,adopted,coltonjusd,family,today,digcitculture,summit,loved,working,
rt,simonometry,one,mind,blown,moment,today,came,derekrouch,shared,hemet,usd,uses,term,digital,wellness,rather,t,
rt,iluvteaching72,thatdopeteacher,sbcss_edtech,iacue,cue,trying,keep,digcitculture,cjusdready,
rt,edtechcjusd,time,revise,idea,see,can,take,feedback,room,can,shift,mindset,make,digit,
rt,hilz2teach,amazing,sharing,ideas,future,plans,digcitculture,across,county,beyond,sbcss_edtech,joefuertsch,v,
rt,jane_ogle,betholshewsky,think,great,idea,betholshewsky,wonder,start,something,csla,maybe,
rt,iluvteaching72,wowed,thoughts,can,take,process,reinvent,add,authentic,practices,digcitculture,
rt,edtechcjusd,coltonjusd,simonometry,collaborating,together,gain,insight,can,shiftthis,mindset,digcitculture,
i’ve,super,privileged,adopted,coltonjusd,family,today,digcitculture,summit,loved,https,t.co,brshuo0mdx,
one,mind,blown,moment,today,came,derekrouch,shared,hemet,usd,uses,term,digital,wellness,r,https,t.co,dyauzktony,
rt,hilz2teach,amazing,sharing,ideas,future,plans,digcitculture,across,county,beyond,sbcss_edtech,joefuertsch,v,
rt,thatdopeteacher,keep,using,hashtag,digcitculture,can,get,raffle,tickets,know,see,filling,sbcss_e,
thatdopeteacher,sbcss_edtech,iacue,cue,trying,keep,digcitculture,cjusdready,
time,revise,idea,see,can,take,feedback,room,can,shift,mindset,mak,https,t.co,zxjjmpbq6x,
amazing,sharing,ideas,future,plans,digcitculture,across,county,beyond,sbcss_edtech,https,t.co,sgyaodurua,
betholshewsky,think,great,idea,betholshewsky,wonder,start,something,csla,https,t.co,2f1eepgukp,
rt,joefuertsch,building,positive,digcit,culture,session,peeps,said,share,iste,good,citizen,good,digital,
thatdopeteacher,hats,today,met,match,digcitculture,https,t.co,ulr55b7x8a,
rt,etiwandalibrary,digital,citizenship,summit,via,sanbern,superintendent,schools,1,takeaway,digital,citizenship,citizenship,
wowed,thoughts,can,take,process,reinvent,add,authentic,practices,https,t.co,exmfbfyris,
rt,maggiebunten,great,day,learning,brainstorming,can,build,support,model,sustain,digcitculture,today,https,t.co,
rt,edtechcjusd,gallery,walk,allows,room,offer,feedback,plan,areas,can,add,clarifications,better,reach,g,
phone,charge,guys,take,digcitculture,https,t.co,bgjlbfvcob,
anything,you’re,left,wondering,anything,wow,today,please,share,thoughts,https,t.co,lwgy8smzyl,
great,day,learning,brainstorming,can,build,support,model,sustain,digcitculture,today,https,t.co,hhjmfpxak8,
gallery,walk,allows,room,offer,feedback,plan,areas,can,add,clarifications,better,reac,https,t.co,bhjz837exh,
rt,fusdtandl,might,establish,culture,digital,responsibility,within,fusd,community,digcitculture,https,t.co,bwb3nhvlwa,
might,establish,culture,digital,responsibility,within,fusd,community,digcitculture,https,t.co,bwb3nhvlwa,
thatdopeteacher,sbcss_edtech,tooo,phone,almost,dead,charging,case,isn’t,working,digcitculture,https,t.co,jcjykaj3tw,
digcitculture,student,panel,speaking,families,digital,citizenship,students,giving,ted,styl,https,t.co,puqpj1j7cv,
rt,hilz2teach,great,way,share,families,students,communicating,one,another,chasescorpions,possibly,really,
rt,betholshewsky,digcitculture,cnusd,thinking,bring,awareness,around,digital,citizenship,families,https,t.co,vnr,
rt,edtechcjusd,can,hear,buzz,room,sounds,like,room,communicating,ideas,creat,
rt,betholshewsky,digcitculture,sharing,https,t.co,tysgybiwpg,
need,iphone,xs,charger,quick,need,inform,world,digitalcitizenship,sbcss_edtech,https,t.co,8kdlqqqev9,
digcitculture,cnusd,thinking,bring,awareness,around,digital,citizenship,families,https,t.co,vnrdwmmowm,
can,hear,buzz,room,sounds,like,room,communicating,ideas,t,https,t.co,azge78twk9,
digcitculture,sharing,https,t.co,tysgybiwpg,
rt,edtechcjusd,coltonjusd,simonometry,collaborating,together,gain,insight,can,shiftthis,mindset,digcitculture,
digcitculture,important,parent,involvement,district,sbcss_edtech,digitalcitizenship,edtech,https,t.co,hdv9ol2h2b,
told,cjusd,edtechcjusd,digcitculture,digitalcitizenship,sbcss_edtech,https,t.co,bz4xi4v8oc,
alone,opportunity,share,resource,get,feedback,room,thanks,sh,https,t.co,pbe5sitd2w,
coltonjusd,simonometry,collaborating,together,gain,insight,can,shiftthis,mindset,https,t.co,hm1cl8ylwa,
video,clips,coming,soon,digcitculture,https,t.co,qcyn1smwvm,
text,sbcss_edtech,yet,just,need,text,dlsnews,22828,digcitculture,digitalcitizenship,edtech,https,t.co,frila0cy4l,
rt,shavon528,apple,valley,unified,making,sure,apps,websites,vetted,weekly,students,allows,students,us,
omg,finnnaalllly,irl,digcitculture,https,t.co,zzxtuwggbu,
digcitculture,https,t.co,jca0davxrt,
keep,using,hashtag,digcitculture,can,get,raffle,tickets,know,see,filling,https,t.co,o0xicojpcm,
rt,jane_ogle,paper,digital,citizenship,lessons,tech,gets,rolled,2020,digcitculture,https,t.co,0inuztsb1s,
paper,digital,citizenship,lessons,tech,gets,rolled,2020,digcitculture,https,t.co,0inuztsb1s,
rt,iluvteaching72,thatdopeteacher,sbcss_edtech,commonsense,iacue,true,start,tk,level,almost,ss,touch,
thatdopeteacher,sbcss_edtech,commonsense,iacue,true,start,tk,level,almost,ss,t,https,t.co,g3q91vurzy,
just,gonna,leave,job,follow,msbcss,every,summit,dynamicduo,digcitculture,digitalcitizenship,https,t.co,oqc7c94jgp,
thatdopeteacher,digcitculture,sbcss_edtech,https,t.co,vwfpo8aphd,
rt,mizzcclark,3rd,6th,grade,rt_eagles,students,attentive,focused,learning,great,digcit,digcitculture,commonsenseed,gin,
many,elementary,teachers,may,think,don’t,need,teach,digitalcitizenship,students,youn,https,t.co,5vqhk0n0gn,
3rd,6th,grade,rt_eagles,students,attentive,focused,learning,great,digcit,digcitculture,https,t.co,asxs2pu22k,
representation,diversity,education,matters,recognize,importance,digcitculture,educolor,https,t.co,dgkiypnx2p,
rt,derekrouch,order,implement,digital,citizenship,program,district,wide,align,district's,vision,first,
rt,iluvteaching72,yes,thatdopeteacher,huge,group,us,coltonjusd,today,digcitculture,cjusdready,https,t.co,denbns9y,
rt,edtechcjusd,now,it’s,time,work,question,might,integrate,digital,citizenship,relevant,ways,
got,shavon528,representing,fontanaunified,great,team,educators,they’re,going,esta,https,t.co,ckaxwtzvjb,
yes,thatdopeteacher,huge,group,us,coltonjusd,today,digcitculture,cjusdready,https,t.co,denbns9yyn,
rt,edtechcjusd,now,it’s,time,work,question,might,integrate,digital,citizenship,relevant,ways,
rt,thatdopeteacher,hey,nearpod,flocabulary,we’ve,discussing,can,aide,educators,teaching,digitalcitizenship,
rt,thatdopeteacher,oh,we’re,working,working,digitalcitizenship,summit,teachers,admin,librarians,tech,leads,we’re,basically,t,
rt,thatdopeteacher,edtechcjusd,brainstorming,ways,practice,digitalcitizenship,can’t,wait,see,success,cjusd,digcitcult,
now,it’s,time,work,question,might,integrate,digital,citizenship,relevant,ways,https,t.co,i78zautwfa,
rt,iluvteaching72,amazing,day,thus,far,thank,trpatel20,suethotz,lucykirchh,teamwork,collaborati,
rt,betholshewsky,digcitculture,2019,digital,citizenship,summit,sbcss,https,t.co,vz73s8acp4,
rt,msbcss,suethotz,sbcss_edtech,digcit,summit,digcitculture,sbcss,https,t.co,udglndbdyr,
edtechcjusd,brainstorming,ways,practice,digitalcitizenship,can’t,wait,see,success,cjusd,https,t.co,frqepaff9p,
oh,we’re,working,working,digitalcitizenship,summit,teachers,admin,librarians,tech,leads,we’re,basicall,https,t.co,uattvawxbz,
rt,edtechcjusd,thatdopeteacher,niagarawaterct,sbcss_edtech,iacue,commonsense,commonsenseed,delicious,plentiful,digcitculture,
rt,msbcss,suethotz,sbcss_edtech,digcit,summit,digcitculture,sbcss,https,t.co,udglndbdyr,
rt,betholshewsky,digcitculture,2019,digital,citizenship,summit,sbcss,https,t.co,vz73s8acp4,
rt,iluvteaching72,amazing,day,thus,far,thank,trpatel20,suethotz,lucykirchh,teamwork,collaborati,
rt,kaiserhslibrary,amazing,professionals,learning,sharing,ideas,implement,digcitculture,schools,
rt,nearpod,nearpod,amp,flocabulary,digcitweek,plans,covered,free,lessons,fill,week,https,t.co,roadgrme8l,
thatdopeteacher,niagarawaterct,sbcss_edtech,iacue,commonsense,commonsenseed,delicious,plentiful,digcitculture,
hey,nearpod,flocabulary,we’ve,discussing,can,aide,educators,teaching,https,t.co,ftestinldh,
rt,thatdopeteacher,thanks,niagarawaterct,sponsoring,delicious,lunch,digcitculture,digitalcitizenship,edtech,sbcss_edtech,
rt,nearpod,nearpod,amp,flocabulary,digcitweek,plans,covered,free,lessons,fill,week,https,t.co,roadgrme8l,
suethotz,sbcss_edtech,digcit,summit,digcitculture,sbcss,https,t.co,udglndbdyr,
digcitculture,2019,digital,citizenship,summit,sbcss,https,t.co,vz73s8acp4,
amazing,day,thus,far,thank,trpatel20,suethotz,lucykirchh,teamwork,collabo,https,t.co,cyfdkzfmd5,
amazing,professionals,learning,sharing,ideas,implement,digcitculture,schools,https,t.co,hwbwoythlu,
rt,drcharronr,excellent,resource,families,check,apps,children,using,digcitculture,https,t.co,pecmdp0ovb,
rt,edtechcjusd,shout,educators,coltonjusd,today,digital,citizenship,summit,working,together,t,
rt,simonometry,bassett,usd,getting,love,digcit,summit,today,awesome,work,done,district,around,digcit,co,
nearpod,amp,flocabulary,digcitweek,plans,covered,free,lessons,fill,week,https,t.co,rs91xdmc7p,
rt,betholshewsky,digcitculture,digital,citizenship,summit,solution,design,template,https,t.co,dkixccoy7x,
shout,educators,coltonjusd,today,digital,citizenship,summit,working,tog,https,t.co,yxxkl7etjo,
new,twitter,friend,dominique,one,gorgeous,smile,lbriansrule_bul,digcitculture,https,t.co,frpzldviks,
digcitculture,digital,citizenship,summit,solution,design,template,https,t.co,dkixccoy7x,
rt,edtechcjusd,might,cjusd,meets,together,formulate,question,answer,digcitculture,k8applebee,simonometry,
rt,thatdopeteacher,thanks,niagarawaterct,sponsoring,delicious,lunch,digcitculture,digitalcitizenship,edtech,sbcss_edtech,
rt,msbcss,digcitculture,digital,citizenship,summit,sbcss_edtech,https,t.co,xxg9vaor46,
thanks,niagarawaterct,sponsoring,delicious,lunch,digcitculture,digitalcitizenship,edtech,https,t.co,xaabs8k9fq,
rt,msbcss,sbcss_edtech,digcit,summit,digcitculture,https,t.co,y56ivmn7le,
rt,jhuntrusd,rusdeducation,digcitculture,team,discussing,guide,students,digital,world,thisisrusd,redlandsintech,h,
rt,thatdopeteacher,legend,suethotz,teaching,district,success,digcitculture,digitalcitizenship,edtech,success,commonsen,
rt,msbcss,digcitculture,digital,citizenship,summit,sbcss_edtech,https,t.co,xxg9vaor46,
rt,drcharronr,excellent,resource,families,check,apps,children,using,digcitculture,https,t.co,pecmdp0ovb,
rt,mslucylane1,know,can,text,kids,21555,receive,weekly,messages,tips,digitalcitizenship,commonsense,
rt,derekrouch,order,implement,digital,citizenship,program,district,wide,align,district's,vision,first,
rt,iluvteaching72,whole,team,divided,conquered,sessions,today,look,forward,brainstorming,sharin,
rt,edtechcjusd,know,commonsense,provides,tech,balance,ps,it’s,text,message,platform,text,resources,info,
rt,shavon528,fontanaunified,representing,levels,digital,citizenship,summit,important,conversation,digi,
rt,msbcss,sbcss_edtech,digcit,summit,digcitculture,https,t.co,y56ivmn7le,
rt,msbcss,sbcss_edtech,digcit,summit,digcitculture,https,t.co,4gxnpcvlx5,
rt,joefuertsch,building,positive,digcit,culture,session,peeps,said,share,iste,good,citizen,good,digital,
sbcss_edtech,digcit,summit,digcitculture,https,t.co,y56ivmn7le,
rt,alhs_library,teacher,librarians,cjuhsdcommunity,getting,digcitculture,digcitcommit,learning,sbcss_edtech,
sbcss_edtech,digcit,summit,digcitculture,https,t.co,4gxnpcvlx5,
thank,msbcss,gq,shots,digitalcitizenship,digcitculture,sbcss_edtech,johnfcfox5,https,t.co,roxefyt662,
building,positive,digcit,culture,session,peeps,said,share,iste,good,citizen,good,https,t.co,xbgwhe9r5t,
rt,joefuertsch,creating,positive,school,digcit,culture,rocks,thank,everyone,engaging,conversation,amp,sharing,
rt,jhuntrusd,rusdeducation,digcitculture,team,discussing,guide,students,digital,world,thisisrusd,redlandsintech,h,
rt,alhs_library,teacher,librarians,cjuhsdcommunity,getting,digcitculture,digcitcommit,learning,sbcss_edtech,
teacher,librarians,cjuhsdcommunity,getting,digcitculture,digcitcommit,learning,https,t.co,vlzuwh28ek,
rt,suethotz,kicking,day,sbcss_edtech,trpatel20,lucykirchh,thanks,making,digcit,priori,
rt,suethotz,three,parents,chaffey,joined,digcitculture,event,today,thank,cjuhsdcommunity⁩,https,t.co,4x6la0ezt8,
rt,gmcwhortervvusd,digital,citizenship,non,stop,journey,thanks,refresher,sue,suethotz,commonsenseed,molapus,digcitcult,
rt,suethotz,three,parents,chaffey,joined,digcitculture,event,today,thank,cjuhsdcommunity⁩,https,t.co,4x6la0ezt8,
rt,shavon528,fontanaunified,representing,levels,digital,citizenship,summit,important,conversation,digi,
rt,edtechcjusd,know,commonsense,youtube,ps,spanish,resources,also,huge,bonus,ps,ts,coltonj,
rt,suethotz,three,parents,chaffey,joined,digcitculture,event,today,thank,cjuhsdcommunity⁩,https,t.co,4x6la0ezt8,
rt,edtechcjusd,know,commonsense,provides,tech,balance,ps,it’s,text,message,platform,text,resources,info,
rt,jhuntrusd,rusdeducation,digcitculture,team,discussing,guide,students,digital,world,thisisrusd,redlandsintech,h,
rt,dennislarge,ready,learn,creating,digital,citizenship,culture,trpatel20,lucykirchh,suethotz,digcitculture,https,
rt,edtechcjusd,might,cjusd,meets,together,formulate,question,answer,digcitculture,k8applebee,simonometry,
rt,edtechcjusd,might,cjusd,meets,together,formulate,question,answer,digcitculture,k8applebee,simonometry,
fontanaunified,representing,levels,digital,citizenship,summit,important,conversation,w,https,t.co,jsdgxkkj9p,
know,commonsense,youtube,ps,spanish,resources,also,huge,bonus,ps,ts,https,t.co,tbvo6m1nm6,
three,parents,chaffey,joined,digcitculture,event,today,thank,cjuhsdcommunity⁩,https,t.co,4x6la0ezt8,
know,commonsense,provides,tech,balance,ps,it’s,text,message,platform,text,resources,https,t.co,uffbdp4z4n,
rusdeducation,digcitculture,team,discussing,guide,students,digital,world,thisisrusd,https,t.co,ia6of9urs7,
might,cjusd,meets,together,formulate,question,answer,digcitculture,k8applebee,https,t.co,uj7glbrwfc,
rt,alhs_library,excited,learning,digcitculture,sbcss_edtech,fellow,cjuhsd,teacher,librarians,definitel,
rt,etiwandalibrary,digital,citizenship,summit,via,sanbern,superintendent,schools,1,takeaway,digital,citizenship,citizenship,
rt,joefuertsch,group,creating,positive,digcit,culture,kinds,awesome,rotating,discussion,good,citizen,
group,creating,positive,digcit,culture,kinds,awesome,rotating,discussion,good,https,t.co,rpleeqjicp,
rt,gmcwhortervvusd,free,digital,citizenship,grade,levels,students,digcitculture,https,t.co,85tbzdkn0q,
free,digital,citizenship,grade,levels,students,digcitculture,https,t.co,85tbzdkn0q,
rt,sbcss_famengage,thank,sbcss_edtech,invite,co,facilitate,importance,engaging,families,digcitculture,trpatel,
thank,sbcss_edtech,invite,co,facilitate,importance,engaging,families,digcitculture,https,t.co,5rnx59iorr,
rt,shavon528,apple,valley,unified,making,sure,apps,websites,vetted,weekly,students,allows,students,us,
rt,joefuertsch,creating,positive,school,digcit,culture,rocks,thank,everyone,engaging,conversation,amp,sharing,
rt,thatdopeteacher,many,librarians,love,take,knowledge,back,site,get,kids,practicing,digitalcit,
rt,thatdopeteacher,know,differencebetween,privacy,security,digcitculture,edtech,iacue,cue,digitalcitizenship,iac,
rt,thatdopeteacher,creating,positive,school,digitalcitizenship,culture,digcitculture,edtech,iacue,cue,sbcss_edtech,commonsense,
creating,positive,school,digcit,culture,rocks,thank,everyone,engaging,conversation,amp,sharing,https,t.co,9zzbqepbcm,
rt,thatdopeteacher,kids,growing,digital,playgrounds,often,one,recess,duty,kevinhoneycutt,digcitculture,d,
rt,thatdopeteacher,legend,suethotz,teaching,district,success,digcitculture,digitalcitizenship,edtech,success,commonsen,
rt,thatdopeteacher,make,sure,you’re,using,hashtag,digcitculture,attending,digital,citizenship,summit,ito,score,s,
rt,edtechcjusd,digital,citizenship,summit,starting,strong,library,media,techs,coltonjusd,care,keeping,s,
rt,pharding2,digcitculture,learned,ideas,today,take,digital,literacy,next,level.we,enjoyed,friends,altalomasd,
rt,simonometry,bassett,usd,getting,love,digcit,summit,today,awesome,work,done,district,around,digcit,co,
digcitculture,learned,ideas,today,take,digital,literacy,next,level.we,enjoyed,friends,https,t.co,mxxryav4eu,
rt,etiwandalibrary,digital,citizenship,summit,via,sanbern,superintendent,schools,1,takeaway,digital,citizenship,citizenship,
rt,alhs_library,excited,learning,digcitculture,sbcss_edtech,fellow,cjuhsd,teacher,librarians,definitel,
rt,johnfcfox5,digital,citizenship,ingrained,fabric,pbis,character,counts,sites,digcitculture,
rt,ronimacd,digital,citizenship,event,it’s,culture,word,mslaurentyler,digcitculture,https,t.co,46mititpwl,
rt,recuerdamepaty,digcitculture,sbcss,edtech,recomen,common,sense,ro,school,district,
digital,citizenship,summit,via,sanbern,superintendent,schools,1,takeaway,digital,citizenship,citizensh,https,t.co,1kqjy9rsny,
rt,iluvteaching72,whole,team,divided,conquered,sessions,today,look,forward,brainstorming,sharin,
rt,derekrouch,order,implement,digital,citizenship,program,district,wide,align,district's,vision,first,
rt,hilz2teach,sbcss_edtech,one,great,thing,i’d,love,bring,back,romolandsd,connecting,families,digcitculture,maybe,fa,
rt,ktknickerbocker,great,time,reinforce,reinvigorate,digital,citizenship,passion,digcitculture,https,t.co,so1u58k3ev,
rt,fusdtandl,great,video,support,behind,digital,citizenship,check,youtube,digcitculture,https,t.co,k1avnip5la,
rt,veronicajusd,suethotz,gives,great,presentations,us,dive,digcitculture,one,idea,explore,meas,
rt,simonometry,just,wrapping,breakout,developing,district,systems,building,digcitculture,wheels,turning,
got,boy,looking,suave,digcitculture,digitalcitizenshipsummit,sbcss_edtech,https,t.co,fvldatfcw3,
rt,mslucylane1,know,can,text,kids,21555,receive,weekly,messages,tips,digitalcitizenship,commonsense,
rt,drcharronr,one,great,take,away,break,session,need,parent,tech,night,help,parents,evaluate,apps,
digital,citizenship,ingrained,fabric,pbis,character,counts,sites,digcitculture,
digcitculture,sbcss,edtech,recomen,common,sense,ro,school,district,
whole,team,divided,conquered,sessions,today,look,forward,brainstorming,sh,https,t.co,opizktiyag,
order,implement,digital,citizenship,program,district,wide,align,district's,vision,https,t.co,9764pyqtci,
sbcss_edtech,one,great,thing,i’d,love,bring,back,romolandsd,connecting,families,digcitculture,may,https,t.co,mfrmdbk3et,
great,time,reinforce,reinvigorate,digital,citizenship,passion,digcitculture,https,t.co,so1u58k3ev,
great,video,support,behind,digital,citizenship,check,youtube,digcitculture,https,t.co,k1avnip5la,
suethotz,gives,great,presentations,us,dive,digcitculture,one,idea,explore,w,https,t.co,9ych4tw744,
just,wrapping,breakout,developing,district,systems,building,digcitculture,wheels,turning,https,t.co,fqozbhlnxv,
digcitculture,thatdopeteacher,https,t.co,g9hb2osgks,
know,can,text,kids,21555,receive,weekly,messages,tips,digitalcitizenship,https,t.co,1eo43geqby,
rt,thatedutechguy,important,teachers,well,students,understand,behind,digital,citizenship,prior,
rt,gmcwhortervvusd,digital,citizenship,non,stop,journey,thanks,refresher,sue,suethotz,commonsenseed,molapus,digcitcult,
one,great,take,away,break,session,need,parent,tech,night,help,parents,evaluate,https,t.co,vtfqza4row,
rt,ktknickerbocker,digital,citizenship,one,time,lesson,going,repetitive,necessary,create,strong,culture,digcit,
rt,alhs_library,excited,learning,digcitculture,sbcss_edtech,fellow,cjuhsd,teacher,librarians,definitel,
important,teachers,well,students,understand,behind,digital,citizenship,prior,https,t.co,8krfvhkfhn,
digital,citizenship,non,stop,journey,thanks,refresher,sue,suethotz,commonsenseed,molapus,digcitculture,
rt,msconradedu,amazing,digital,citizenship,resources,sbcss_edtech,trpatel20,parents,3,8,year,olds,commonsense,tech,b,
rt,k8applebee,takeaway,raney,intermediate,case,study,creating,positive,school,digital,citizenship,culture,can,fit,
digital,citizenship,one,time,lesson,going,repetitive,necessary,create,strong,culture,digcitculture,
amazing,digital,citizenship,resources,sbcss_edtech,trpatel20,parents,3,8,year,olds,commonsense,https,t.co,hsjxjcn7yh,
time,reflect,peeps,one,great,idea,take,away,going,bring,back,team,https,t.co,z7skviayhy,
takeaway,raney,intermediate,case,study,creating,positive,school,digital,citizenship,culture,can,https,t.co,e4btyr4dob,
rt,drcharronr,excellent,resource,families,check,apps,children,using,digcitculture,https,t.co,pecmdp0ovb,
excellent,resource,families,check,apps,children,using,digcitculture,https,t.co,pecmdp0ovb,
rt,lozaleadlearner,learning,joefuertsch,amp,lucykirchh,modeling,digital,citizenship,social,media,account,
learning,joefuertsch,amp,lucykirchh,modeling,digital,citizenship,social,media,acco,https,t.co,vsu0xn5ze9,
everybody,sandwich,cart,rolled,digcitculture,digital,citizenship,summit,sbcss_edtech,iacue,https,t.co,uxearuyyo1,
rt,jane_ogle,great,discussion,groups,happening,breakout:integrating,digital,citizenship,teachers,digcitculture,sbcss_edtech,htt,
great,discussion,groups,happening,breakout:integrating,digital,citizenship,teachers,digcitculture,https,t.co,4u9t4uyuak,
rt,msbcss,digcitculture,digital,citizenship,summit,sbcss_edtech,https,t.co,xxg9vaor46,
rt,maggiebunten,suethotz,sharing,awesome,work,jenwags1,put,place,pusd,commonsensemedia,digcitculture,https,t.co,
rt,simonometry,bassett,usd,getting,love,digcit,summit,today,awesome,work,done,district,around,digcit,co,
make,sure,you’re,using,hashtag,digcitculture,attending,digital,citizenship,summit,ito,score,som,https,t.co,de1ebcmxno,
digcitculture,digital,citizenship,summit,sbcss_edtech,https,t.co,xxg9vaor46,
suethotz,sharing,awesome,work,jenwags1,put,place,pusd,commonsensemedia,digcitculture,https,t.co,ywi7vspz0o,
bassett,usd,getting,love,digcit,summit,today,awesome,work,done,district,around,digcit,https,t.co,btxrh5h58g,
rt,veronicaginorio,family,media,agreement,takethepledge,digcitculture,https,t.co,4ng9f5sj1g,
family,media,agreement,takethepledge,digcitculture,https,t.co,4ng9f5sj1g,
rt,veronicaginorio,digcitculture,https,t.co,jbwwlszvuu,
rt,edtechcjusd,involving,families,world,digital,citizenship,social,media,back,2,school,workshops,family,media,
legend,suethotz,teaching,district,success,digcitculture,digitalcitizenship,edtech,success,https,t.co,qgi6zegizn,
digcitculture,https,t.co,jbwwlszvuu,
rt,chaffeylibrary,excited,spend,day,today,team,teacher,librarians,sbcss_edtech,learning,digital,citizenship,s,
involving,families,world,digital,citizenship,social,media,back,2,school,workshops,family,https,t.co,gatwghpq6x,
rt,veronicaginorio,digcitculture,check,commonsense,great,resources,https,t.co,lwlxpu0nhw,
rt,filibuster3,quote,just,shared,digcitculture,summit,kevinhoneycutt,powerful,thought,sbcss_edtech,lucykirchh,trpatel20,ht,
digcitculture,check,commonsense,great,resources,https,t.co,lwlxpu0nhw,
quote,just,shared,digcitculture,summit,kevinhoneycutt,powerful,thought,sbcss_edtech,lucykirchh,https,t.co,fs385xb4fq,
rt,adriennela311,learning,lots,today,digcitculture,https,t.co,aecxhrhduq,
rt,shavon528,informative,session,trpatel20,sbcss_famengage,learning,importance,familyengagement,dig,
rt,hilz2teach,hmmmm,many,socialmediapps,know,there’s,65,creating,digcitculture,amongst,stude,
rt,mrsethwatts,digcitculture,https,t.co,um6eekfm7e,
kids,growing,digital,playgrounds,often,one,recess,duty,kevinhoneycutt,digcitculture,https,t.co,tmvk1g8v8c,
learning,lots,today,digcitculture,https,t.co,aecxhrhduq,
informative,session,trpatel20,sbcss_famengage,learning,importance,familyengagement,https,t.co,58hdnmeqnt,
creating,positive,school,digitalcitizenship,culture,digcitculture,edtech,iacue,cue,sbcss_edtech,https,t.co,mlevlkru6q,
hmmmm,many,socialmediapps,know,there’s,65,creating,digcitculture,amongst,yo,https,t.co,swjpsjtw4t,
digcitculture,https,t.co,um6eekfm7e,
rt,veronicajusd,suethotz,discussing,district,level,digcitculture,amp,showcased,mmsmustangs,model,example,sbcss_edtech,digital,
rt,veronicaginorio,digcitculture,follow,sbcss_famengage,https,t.co,jlavmy2rz1,
suethotz,discussing,district,level,digcitculture,amp,showcased,mmsmustangs,model,example,sbcss_edtech,di,https,t.co,vkbfyixr7r,
digcitculture,follow,sbcss_famengage,https,t.co,jlavmy2rz1,
rt,hilz2teach,great,way,share,families,students,communicating,one,another,chasescorpions,possibly,really,
great,way,share,families,students,communicating,one,another,chasescorpions,possibly,https,t.co,ml1uucey4d,
rt,simonometry,video,helps,start,conversations,around,digital,citizenship,important,relationship,
video,helps,start,conversations,around,digital,citizenship,important,relation,https,t.co,5qulcxf9kd,
know,differencebetween,privacy,security,digcitculture,edtech,iacue,cue,digitalcitizenship,https,t.co,wrijidqnyn,
join,stephbax716,learn,positively,impact,students,digital,citizenship,restorative,pr,https,t.co,t1prq9wgvw,
rt,thatdopeteacher,another,question,day,create,positive,digitalcitizenship,culture,campus,don’t,
digcitculture,https,t.co,6ee03wju6a,
rt,betholshewsky,digcitculture,https,t.co,0rkv4dii8g,
rt,ronimacd,digital,citizenship,event,it’s,culture,word,mslaurentyler,digcitculture,https,t.co,46mititpwl,
digcitculture,https,t.co,0rkv4dii8g,
digital,citizenship,event,it’s,culture,word,mslaurentyler,digcitculture,https,t.co,46mititpwl,
rt,msbcss,digcitculture,digital,citizenship,summit,sbcss_edtech,https,t.co,q8ctmveusx,
rt,hilz2teach,omg,look,hyderedd,met,two,days,mind,blown,digcitculture,iacue,https,t,
rt,fusdtandl,ensure,students,mindful,make,smart,choices,use,devices,beagoodcitizen,digcitculture,https,t.c,
digitalcitizenship,event,time,mslaurentyler,digcitculture,digitalcitizenship,https,t.co,l1fijtmwmw,
digcitculture,digital,citizenship,summit,sbcss_edtech,https,t.co,q8ctmveusx,
7,ways,iste,standards,students,music,video,https,t.co,ltc0bnh0rx,via,youtube,digcitculture,https,t.co,aimr0p7aju,
bars,seven,iste,standards,students,digcitculture,digitalcitizenship,edtech,flocabulary,https,t.co,owuvb4uhb0,
omg,look,hyderedd,met,two,days,mind,blown,digcitculture,iacue,https,t.co,gqw3zdnrkk,
ensure,students,mindful,make,smart,choices,use,devices,beagoodcitizen,digcitculture,https,t.co,cxlqsathol,
rt,betholshewsky,digcitculture,https,t.co,tcia4csdlf,
rt,mslucylane1,great,discussions,involving,families,digital,citizenship,digcitculture,trpatel20,sbcss_edtech,https,t.co,rgrhc,
rt,candrade0123,what’s,happening,data,digcitculture,https,t.co,ja2izw2csp,
rt,iluvteaching72,look,hyderedd,excited,caps,told,loves,pln,digcitculture,hilz2teach,https,t.co,d,
rt,betholshewsky,digcitculture,https,t.co,hartqowl8e,workshop,integrating,digital,citizenship,media,literacy,
rt,bpli10,digcitculture,
digcitculture,https,t.co,tcia4csdlf,
great,discussions,involving,families,digital,citizenship,digcitculture,trpatel20,sbcss_edtech,https,t.co,rgrhcrrubv,
what’s,happening,data,digcitculture,https,t.co,ja2izw2csp,
rt,shavon528,trpatel20,discussing,importance,involving,families,digitalcitizenship,conversation,digcitculture,bett,
look,hyderedd,excited,caps,told,loves,pln,digcitculture,hilz2teach,https,t.co,dxg9jtezba,
digcitculture,learn,create,participate,https,t.co,1fdnfteaak,
digcitculture,https,t.co,hartqowl8e,workshop,integrating,digital,citizenship,media,literacy,
rt,shavon528,trpatel20,discussing,importance,involving,families,digitalcitizenship,conversation,digcitculture,bett,
rt,chaffeylibrary,excited,spend,day,today,team,teacher,librarians,sbcss_edtech,learning,digital,citizenship,s,
digcitculture,
trpatel20,discussing,importance,involving,families,digitalcitizenship,conversation,https,t.co,xdewd3qmmx,
excited,spend,day,today,team,teacher,librarians,sbcss_edtech,learning,digital,citizenship,https,t.co,uxbofbrmwk,
rt,cnusdinnovatedu,excited,learn,room,strategies,ideas,helping,teachers,integrate,digcit,content,instruct,
mslaurentyler,kellivanv,host,amazing,class,integrating,digital,citizenship,teachers,https,t.co,swoujabw1x,
love,building,pln,digcitculture,trpatel20,suethotz,lucykirchh,sbcss_edtech,https,t.co,lymo9joo8y,
excited,learn,room,strategies,ideas,helping,teachers,integrate,digcit,content,instr,https,t.co,zyezk1qmmj,
partner,crime,can’t,even,type,i’m,excited,digcitculture,edtech,digitalcitizenship,https,t.co,ygxpxdecbs,
rt,recuerdamepaty,digcitculture,enjoying,great,information,shared,
rt,drcharronr,started,twitter,101,now,involving,families,digital,citizenship,digcitculture,
rt,msbcss,sbcss_edtech,digital,citizenship,summit,digcitculture,https,t.co,78le4yhsio,
rt,msbcss,sbcss_edtech,digital,citizenship,summit,digcitculture,https,t.co,fdhguwnpsy,
rt,thatedutechguy,districts,implementing,digcitculture,give,sites,autonomy,implement,prescribe,
finally,met,twitter,partnering,crime,iluvteaching72,digcitculture,edtech,educolor,digitalcitizenship,https,t.co,qrti68hkij,
digcitculture,enjoying,great,information,shared,
started,twitter,101,now,involving,families,digital,citizenship,digcitculture,
rt,jonesing4math,digcitculture,sbcss_edtech,w,shavon528,https,t.co,rvqq4qqqhr,
sbcss_edtech,digital,citizenship,summit,digcitculture,https,t.co,78le4yhsio,
sbcss_edtech,digital,citizenship,summit,digcitculture,https,t.co,fdhguwnpsy,
districts,implementing,digcitculture,give,sites,autonomy,implement,prescribe,https,t.co,z3zvvqt4ro,
many,librarians,love,take,knowledge,back,site,get,kids,practicing,https,t.co,1vrfbnhobi,
rt,thatdopeteacher,definitely,edtech,iacue,cue,digcitculture,educationforall,https,t.co,ygodyoxrgs,
rt,betholshewsky,digcitculture,digital,privacy,moving,target,road,map,libbicetpa,california,student,privacy,alliance,cetpa,
rt,shavon528,apple,valley,unified,making,sure,apps,websites,vetted,weekly,students,allows,students,us,
rt,msbcss,sbcss_edtech,digital,citizenship,summit,special,thank,suethotz,digcitculture,https,t.co,w06rtwgquo,
apple,valley,unified,making,sure,apps,websites,vetted,weekly,students,allows,stude,https,t.co,ps8hrk6q58,
rt,alhs_library,excited,learning,digcitculture,sbcss_edtech,fellow,cjuhsd,teacher,librarians,definitel,
rt,lozaleadlearner,just,got,done,bragging,erhsofficial,amp,awesome,teachers,building,digcitculture,students,
rt,erhsofficial,lucky,lozaleadlearner,leading,way,digcitculture,erhs,educators,l,
glad,you’re,librariansaretheschoolwarriors,edtech,librarians,digitalcitizenship,digcitculture,https,t.co,yz8yqe2h7g,
sbcss_edtech,digital,citizenship,summit,special,thank,suethotz,digcitculture,https,t.co,w06rtwgquo,
excited,learning,digcitculture,sbcss_edtech,fellow,cjuhsd,teacher,librarians,def,https,t.co,f5phwmlqoe,
rt,joefuertsch,thank,lozaleadlearner,sharing,ways,cnusd,amp,erhsofficial,staff,modeling,way,positive,social,medi,
lucky,lozaleadlearner,leading,way,digcitculture,erhs,educators,ar,https,t.co,wqhptaxaad,
questions,starting,get,juicy,process,district,place,protect,student,data,pr,https,t.co,plwait9zpt,
rt,thatdopeteacher,know,what’s,really,dope,practicing,safe,digitalcitizenship,digcitculture,iacue,cue,edtech,commonsenseed,co,
excited,digcitculture,https,t.co,eb05y2wre9,
rt,thatdopeteacher,amazing,educators,know,making,difference,follow,shavon528,hilz2teac,
rt,betholshewsky,digcitculture,digital,privacy,moving,target,road,map,libbicetpa,california,student,privacy,alliance,cetpa,
know,what’s,really,dope,practicing,safe,digitalcitizenship,digcitculture,iacue,cue,edtech,commonsenseed,https,t.co,gbdgyyho1c,
digcitculture,digital,privacy,moving,target,road,map,libbicetpa,california,student,privacy,alliance,c,https,t.co,axxugxy9w9,
rt,betholshewsky,digcitculture,embedded,conversations,digital,citizenship,whenever,include,collaboration,online,example,g,
rt,thatdopeteacher,amazing,educators,know,making,difference,follow,shavon528,hilz2teac,
digcitculture,embedded,conversations,digital,citizenship,whenever,include,collaboration,online,exam,https,t.co,uabjfsx2nx,
another,question,day,create,positive,digitalcitizenship,culture,campus,https,t.co,wwsm5hphtt,
rt,jane_ogle,random,question,create,positive,digital,citizenship,culture,space,sbcss_edtech,digcitcu,
rt,lozaleadlearner,just,got,done,bragging,erhsofficial,amp,awesome,teachers,building,digcitculture,students,
rt,citicoach,k8applebee,thatdopeteacher,love,question,one,idea,use,skypeclassroom,connect,ss,experts,authors,museums,
rt,joefuertsch,thank,lozaleadlearner,sharing,ways,cnusd,amp,erhsofficial,staff,modeling,way,positive,social,medi,
random,question,create,positive,digital,citizenship,culture,space,sbcss_edtech,https,t.co,4vmt0a5wjs,
rt,citicoach,thatdopeteacher,sbcss_edtech,done,digcitculture,edtech,digcit,educolor,
lucykirchh,preaching,digitalcitizenship,truth,digcitculture,edtech,commonsenseed,commonsense,https,t.co,tguthtivjr,
just,got,done,bragging,erhsofficial,amp,awesome,teachers,building,digcitculture,students,erhstweets,
k8applebee,thatdopeteacher,love,question,one,idea,use,skypeclassroom,connect,ss,experts,authors,https,t.co,q7emdk6byf,
thank,lozaleadlearner,sharing,ways,cnusd,amp,erhsofficial,staff,modeling,way,positive,soci,https,t.co,yrbvwbaxdz,
rt,simonometry,three,counties,represented,today’s,digcit,summit,proud,represent,morongounified,today,can,spot,us,wor,
rt,simonometry,quick,snapshots,districts,incorporating,digcit,practices,schools,also,data,tee,
rt,simonometry,want,know,it’s,important,now,ever,incorporate,digital,learning,edtech,digital,citizenship,strate,
thatdopeteacher,sbcss_edtech,done,digcitculture,edtech,digcit,educolor,
rt,simonometry,three,counties,represented,today’s,digcit,summit,proud,represent,morongounified,today,can,spot,us,wor,
rt,simonometry,want,know,it’s,important,now,ever,incorporate,digital,learning,edtech,digital,citizenship,strate,
rt,suethotz,kicking,day,sbcss_edtech,trpatel20,lucykirchh,thanks,making,digcit,priori,
rt,thatdopeteacher,amazing,educators,know,making,difference,follow,shavon528,hilz2teac,
thatdopeteacher,shavon528,hilz2teach,mrsmazoedu,mrschavez_11,trpatel20,brentcoley,hi,tory,https,t.co,9juuizjh1z,
rt,betholshewsky,digcitculture,lozaleadlearner,shared,students,taking,classroom,twitter,account,day,using,twitter,
digcitculture,lozaleadlearner,shared,students,taking,classroom,twitter,account,day,using,twitter,https,t.co,fjoe5qq6s3,
rt,thatdopeteacher,question,day,district,use,systems,digital,citizenship,digcitculture,commonsensemedia,iac,
rt,thatdopeteacher,question,day,district,use,systems,digital,citizenship,digcitculture,commonsensemedia,iac,
amazing,educators,know,making,difference,follow,shavon528,https,t.co,unoszvpsr3,
rt,thatdopeteacher,definitely,edtech,iacue,cue,digcitculture,educationforall,https,t.co,ygodyoxrgs,
rt,hilz2teach,yay,meeting,real,life,iacue,wearecue,iacue,digcitculture,https,t.co,7pz48wlkbg,
digcitculture,important,include,teachers,digital,citizenship,activities,students,building,comm,https,t.co,wcxmj5rjqf,
rt,edtechcjusd,packed,house,digital,citizenship,summit,schools,socal,working,together,create,community,dig,
question,day,district,use,systems,digital,citizenship,digcitculture,commonsensemedia,https,t.co,axoas5vgtm,
rt,edtechcjusd,digital,citizenship,summit,starting,strong,library,media,techs,coltonjusd,care,keeping,s,
suethotz,shares,lausd,uses,newsletters,communicate,information,ts,commonsense,sends,info,wee,https,t.co,borajte0nm,
rt,joefuertsch,great,see,lucykirchh,rocking,new,role,sbcss_edtech,co,presenting,trpatel20,digital,
digcitculture,
rt,shavon528,educators,district,personnel,sbcss,discussing,importance,digitalcitizenship,sbcss_edtech,iacue,
rt,thatdopeteacher,definitely,edtech,iacue,cue,digcitculture,educationforall,https,t.co,ygodyoxrgs,
rt,edtechcjusd,can,create,parent,committee,goes,school,site,school,site,promote,internet,awesome,great,
follow,updates,digitalcitizenshipsummit,commonsensemedia,edtech,digitalcitizenship,https,t.co,la19ktpiub,
can,create,parent,committee,goes,school,site,school,site,promote,internet,awesome,gr,https,t.co,eaovrwakwc,
digcitculture,google,parentengagement,edtech,iacue,cue,digitalcitizenship,mrsleban,https,t.co,4lrnf5qurr,
agree,tory,digcitculture,https,t.co,hajod4cpcv,
rt,betholshewsky,digcitculture,call,digital,citizenship,working,students,including,aspects,digital,citizen,
rt,shavon528,educators,district,personnel,sbcss,discussing,importance,digitalcitizenship,sbcss_edtech,iacue,
excuse,non,manicured,thumb,need,text,number,asap,sbcss_edtech,edtech,digitalcitizenship,https,t.co,u2zpxiflwr,
digcitculture,call,digital,citizenship,working,students,including,aspects,digital,ci,https,t.co,gqi1s7dkhg,
educators,district,personnel,sbcss,discussing,importance,digitalcitizenship,https,t.co,oq2pgl6xu1,
definitely,edtech,iacue,cue,digcitculture,educationforall,https,t.co,ygodyoxrgs,
rt,pharding2,digcitculture,blasting,sbcss,digital,citizenship,summit,turn,gmcwhortervvusd,proud,
digcitculture,blasting,sbcss,digital,citizenship,summit,turn,gmcwhortervvusd,https,t.co,pthnziipxc,
rt,veronicaginorio,92,teens,go,online,daily,check,stats,digcitculture,https,t.co,4wpgwb5jp6,
rt,hilz2teach,yay,meeting,real,life,iacue,wearecue,iacue,digcitculture,https,t.co,7pz48wlkbg,
rt,simonometry,quick,snapshots,districts,incorporating,digcit,practices,schools,also,data,tee,
rt,joefuertsch,taking,look,teen,social,media,3,4,teens,access,smart,phone,94,daily,digcitculture,https,
rt,lozaleadlearner,happy,learning,digital,citizenship,sbcss_edtech,digcitculture,futurereadylibs,cnusdfuturerea,
rt,suethotz,kicking,day,sbcss_edtech,trpatel20,lucykirchh,thanks,making,digcit,priori,
92,teens,go,online,daily,check,stats,digcitculture,https,t.co,4wpgwb5jp6,
rt,fusdtandl,what’s,real,story,teen,usage,social,media,digcitculture,https,t.co,lfdojpok2m,
rt,coltonhslibrary,important,factor,digital,citizenship,especially,secondary,level,digcitculture,https,t.co,ckhvsgyvlq,
rt,dennislarge,ready,learn,creating,digital,citizenship,culture,trpatel20,lucykirchh,suethotz,digcitculture,https,
rt,iluvteaching72,happy,see,workfamily,pln,one,place,digital,citizenship,summit,digcitculture,trpatel,
rt,jane_ogle,wow,look,numbers,sbcss_edtech,digcitculture,https,t.co,zp9qdfqapt,
rt,joefuertsch,great,see,lucykirchh,rocking,new,role,sbcss_edtech,co,presenting,trpatel20,digital,
rt,veronicaginorio,viewed,video,online,daddy,yankee,myfave,digcitculture,https,t.co,jvj6bpqjlr,
rt,teacherkimj,check,stats,teen,use,apps,tech,review,digcitculture,summit,sbcss,cvusdnews,https,t.co,zuxvrwj7ys,
viewed,video,online,daddy,yankee,myfave,digcitculture,https,t.co,jvj6bpqjlr,
rt,edtechcjusd,packed,house,digital,citizenship,summit,schools,socal,working,together,create,community,dig,
rt,simonometry,want,know,it’s,important,now,ever,incorporate,digital,learning,edtech,digital,citizenship,strate,
rt,k8applebee,can,library,non,classroom,spaces,support,increasing,use,video,calls,chats,also,maintaining,
check,stats,teen,use,apps,tech,review,digcitculture,summit,sbcss,cvusdnews,https,t.co,zuxvrwj7ys,
packed,house,digital,citizenship,summit,schools,socal,working,together,create,community,https,t.co,aiygdd9lwc,
want,know,it’s,important,now,ever,incorporate,digital,learning,edtech,digital,citizenship,https,t.co,fphbas4gtb,
can,library,non,classroom,spaces,support,increasing,use,video,calls,chats,also,mai,https,t.co,asseqquijg,
great,see,lucykirchh,rocking,new,role,sbcss_edtech,co,presenting,trpatel20,d,https,t.co,m2rrfotzrj,
wow,look,numbers,sbcss_edtech,digcitculture,https,t.co,zp9qdfqapt,
happy,see,workfamily,pln,one,place,digital,citizenship,summit,digcitculture,https,t.co,sbkuxffu2n,
rt,suethotz,kicking,day,sbcss_edtech,trpatel20,lucykirchh,thanks,making,digcit,priori,
ready,learn,creating,digital,citizenship,culture,trpatel20,lucykirchh,suethotz,digcitculture,https,t.co,q7kqmrc9cf,
important,factor,digital,citizenship,especially,secondary,level,digcitculture,https,t.co,ckhvsgyvlq,
what’s,real,story,teen,usage,social,media,digcitculture,https,t.co,lfdojpok2m,
kicking,day,sbcss_edtech,trpatel20,lucykirchh,thanks,making,https,t.co,mtp8bcqzg2,
happy,learning,digital,citizenship,sbcss_edtech,digcitculture,futurereadylibs,cnusdfutureready,
taking,look,teen,social,media,3,4,teens,access,smart,phone,94,daily,digcitculture,https,t.co,prjspj7mdu,
quick,snapshots,districts,incorporating,digcit,practices,schools,also,data,https,t.co,24lamd180e,
yay,meeting,real,life,iacue,wearecue,iacue,digcitculture,https,t.co,7pz48wlkbg,
students,digcitculture,https,t.co,qrydtqjswb,
it’s,compliance,it’s,creating,culture,good,citizenship,digcitculture,https,t.co,m0hshvytxl,
digital,citizenship,summit,starting,strong,library,media,techs,coltonjusd,care,keepin,https,t.co,lcnhr9zker,
fine,tuning,digital,citizenship,needs,vvusd,sbcss,dig,cit,summit,journey,digcitculture,https,t.co,dfyhskvatv,
rt,iluvteaching72,digcitculture,starting,strong,simonometry,digital,citizenship,summit,it’s,going,great,day,
part,iacue,socialmedia,team,presenting,benefits,twitter,digcitculture,summit,https,t.co,uteedikjun,
three,counties,represented,today’s,digcit,summit,proud,represent,morongounified,today,can,spot,us,https,t.co,uftbq7tuvt,
time,start,journey,sbcss_edtech,digcitculture,https,t.co,wsysn57hgb,
digcit,summit,motivating,us,tweet,digcitculture,https,t.co,o9cloyrrjy,
digcitculture,focusing,shifting,digital,compliance,digital,culture,
digcitculture,starting,strong,simonometry,digital,citizenship,summit,it’s,going,great,da,https,t.co,ljsbe6amlw,
getting,learn,digcitculture,sbcss_edtech,https,t.co,qnkxh1fvyh,
hilz2teach,helping,educators,build,pln,navigate,twitter,digcitculture,sbcss_edtech,romogrows,https,t.co,pu7t95xn0x,
sbcss_edtech,digital,citizenship,summit,hilz2teach,digcitculture,trpatel20,vincerbutler,https,t.co,lgleklzphh,
we’re,ready,sbcss_edtech,digital,citizenship,summit,suethotz,trpatel20,it’s,going,won,https,t.co,tahjun0hup,
digcitculture,sbcss_edtech,w,shavon528,https,t.co,rvqq4qqqhr,
rt,steph_casperson,brainstorming,ways,shift,culture,digital,citizenship,instead,single,lesson,google,camp,iegoogleca,
rt,trpatel20,planning,way,digital,citizenship,summit,happening,oct,4,sbcss,create,digcitculture,
rt,suethotz,get,session,friend,next,week,iegooglecamp,it’s,moving,beyond,digcit,lessons,true,digc,
rt,sbcss_edtech,looking,forward,working,educational,leaders,socal,friday,sbcss_edtech,digital,citizens,
rt,sbcss_edtech,looking,forward,working,educational,leaders,socal,friday,sbcss_edtech,digital,citizens,
looking,forward,working,educational,leaders,socal,friday,sbcss_edtech,digital,ci,https,t.co,bsttkoxv1s,
