rt,brandonstraka,i’m,represent,different,point,view,hollywood,red,carpet,don’t,liberal,d,
rt,brandonstraka,i’m,represent,different,point,view,hollywood,red,carpet,don’t,liberal,d,
rt,ejdionne,trump,gets,away,everything,column,given,threat,poses,constitutional,system,amp,security,can,
rt,zeusfanhouse,taming,ninth,trump,made,real,progress,changing,9th,circuit,senate,confirms,nominees,9thcircuit,hav,
2020,democrats,go,iowa,rjm,keywords,2020democrats,polkcounty,caucuses,democrats,iowa,https,t.co,veuvngjkyh,
rt,stcyrlyme2,just,unbelievably,shit,kids,worst,hand,cuffed,finger,print,amp,mugged,6yrs,
aditiraval,भाइयों,बहनो,trump,से,मेरा,बचपन,का,नाता,है,मैं,रडार,के,सिगनल,से,बादल,को,चीरते,हुए,अपने,दोस्त,ट्रम्प,https,t.co,gmzutzjkym,
rt,brandonstraka,i’m,represent,different,point,view,hollywood,red,carpet,don’t,liberal,d,
rt,brandonstraka,i’m,represent,different,point,view,hollywood,red,carpet,don’t,liberal,d,
rt,zeusfanhouse,taming,ninth,trump,made,real,progress,changing,9th,circuit,senate,confirms,nominees,9thcircuit,hav,
just,read,article,trump,pulled,back,attack,iran,june,10,minutes,strike,almost,https,t.co,a6opimypdk,
according,surely,lying,morrison,trump,https,t.co,5rqr8lzzyo,https,t.co,k2ldlp0ypv,
rt,tarekfatah,pakistan's,exiled,baloch,sindhi,pashtun,groups,gather,houston,seek,help,modi,trump,indian,express,
rt,annie90883953,justdawnm,janninereid1,amicah1,letruthreign,2020djt2,karenladybug2,outin2020,jeffreyfrye,pms13131,pattipromque,
rt,shadz66shadz6t6,factsrfun,ft,partisan,dems,know,usa's,electoral,college,works,winning,potus,race,aggregate,
hope,trump,denied,mostly,wants,desperately,nobelpeaceprize,laureates,weigh,trump,https,t.co,eyojj50nuf,
rt,zeusfanhouse,taming,ninth,trump,made,real,progress,changing,9th,circuit,senate,confirms,nominees,9thcircuit,hav,
rt,tarekfatah,pakistan's,exiled,baloch,sindhi,pashtun,groups,gather,houston,seek,help,modi,trump,indian,express,
rt,varnishant,highlights,howdymody,houston,1,gandhi,2,nehru,3,jindalsteel,4,trump,modi,busy,trumo,chatukarita,
rt,kevincorke,walk,together,howdymodi,trump,texas,https,t.co,4bgwdxt5wr,
rt,kevincorke,crowd,chanting,modi,thunderous,applause,president,trump,https,t.co,wacmha0urq,
rt,shnrch33,look,crowd,maga,kag,trump,trump2020,50,000,nrg,stadium,houston,see,potus,pm,modi,india,wh,
rt,rougewhadvisor,trump,make,total,ass,un,read,speech,
zaidzamanhamid,see,mindset,modi,trump,https,t.co,gaee5j9i1m,
rt,anon_decoder,still,best,trump,trump2020,maga,usa,republicanparty,qanon,trending,trends,trumprally,america,texas,flori,
trump,protect,citizens,radical,islamist,terrorism,must,protect,borders,today,https,t.co,06yq5owa3p,
rt,olivermcgee,special,counsel,robert,mueller,vs,superman,potus,realdonaldtrump,every,time,someone,retweets,triggers,
rt,brandonstraka,i’m,represent,different,point,view,hollywood,red,carpet,don’t,liberal,d,
rt,diyatv,modi,protest,continues,thousands,narendramodi,critics,vocal,peacefully,protesting,indian,prime,minister’s,
rt,tarekfatah,pakistan's,exiled,baloch,sindhi,pashtun,groups,gather,houston,seek,help,modi,trump,indian,express,
trump,poll,month,ago,ohio,paper,donald,trump,lose,presidency,election,held,today,poll,says,th,https,t.co,atrsdndlll,
rt,muhammadraufgi,جی,اسلام,کے,ماننے,والوں,اب,اور,لڑو,آپس,میں,گوروں,کو,خوش,کرو,سنی,وہابی,شعیہ,باقی,سب,صرف,مسلمانوں,کے,لیے,ہے,لیکن,کافرو,
rt,darhar981,needs,evidence,facts,reason,just,impeach,impeach,impeach,adamschiff,impeachment,might,remedy,trum,
turn,secret,whistle,blower,complaint,thursday,face,serious,escalation,congress,https,t.co,x8nfko54fh,
rt,andrewluck23,exclusive,jerry,nadler's,son,works,firm,suing,trump,presents,conflict,interest,house,investigate,th,
rt,ramana1729,howdymodi,screw,dems,trump,
rt,brandonstraka,i’m,represent,different,point,view,hollywood,red,carpet,don’t,liberal,d,
stonecold2050,now,trump,selling,military,highest,bidder,probably,build,damn,wall,get,https,t.co,f5phseczry,
rt,brandonstraka,i’m,represent,different,point,view,hollywood,red,carpet,don’t,liberal,d,
rt,samaniyantweet,houstonprotest,houston,modi,trump,howdymodi,kashmir,pakistan,https,t.co,xvzuw49eo4,
rt,tarekfatah,pakistan's,exiled,baloch,sindhi,pashtun,groups,gather,houston,seek,help,modi,trump,indian,express,
rt,tarekfatah,pakistan's,exiled,baloch,sindhi,pashtun,groups,gather,houston,seek,help,modi,trump,indian,express,
rt,klsouth,go,adam,schiff,says,trump,call,ukrainian,president,justify,impeachment,video,https,t.co,jnuf7fdwt0,
rt,brandonstraka,i’m,represent,different,point,view,hollywood,red,carpet,don’t,liberal,d,
rt,nooribadat,sheer,art,pm,modi,humiliating,pakistani,prime,minister,imrankhan,front,us,president,trump,howdy,
rt,kashifbaioch,ٹرمپ,کـے,اس,بیان,کے,بعد,مجھـے,نہیـں,لگتا,کہ,وہ,کشمیـر,مسلـے,پہ,پاکســتان,کو,سپورٹ,کرے,گا,ویسے,امریکی,بھی,اس,سے,تنگ,ہیں,ا,
rt,diyatv,modi,protest,continues,thousands,narendramodi,critics,vocal,peacefully,protesting,indian,prime,minister’s,
rt,ciaogirl9,everything,trump,done,far,set,new,precedent,https,t.co,vhvodhd4it,
rt,4genlauf,streaming,1vs5i,suzi3d,says,tons,leaks,trump,wikileaks,dsnt,see,big,incentive,trump,sa,
trump’s,maintain,army,assist,blindsided,prime,ukrainian,officers,https,t.co,dqxdkprb8r,
